title,price_inr
Full Moon over Noah’s Ark: An Odyssey to Mount Ararat and Beyond,5214.86
See America: A Celebration of Our National Parks & Treasured Sites,5155.78
A Year in Provence (Provence #1),6000.84
Sharp Objects,5045.01
The Past Never Ends,5960.75
The Last Mile (Amos Decker #2),5719.16
A Time of Torment (Charlie Parker #14),5100.92
Murder at the 42nd Street Library (Raymond Ambler #1),5734.98
Boar Island (Anna Pigeon #19),6275.14
The Bachelor Girl's Guide to Murder (Herringford and Watts Mysteries #1),5517.65
Tipping the Velvet,5669.57
A Flight of Arrows (The Pathfinders #2),5858.42
The Last Painting of Sara de Vos,5860.52
The Guernsey Literary and Potato Peel Pie Society,5225.42
